Date,AAPL,AXP,BA,CAT,CSCO,CVX,DIS,DD,GS,HD,IBM,INTC,JNJ,JPM,KO,MCD,MMM,MRK,MSFT,NKE,PFE,PG,TRV,UNH,UTX,V,VZ,WBA,WMT,XOM
1/2/19,157.919998,95.68,323.809998,126.379997,42.950001,110.690002,108.970001,77.596664,172.029999,172.410004,115.209999,47.080002,127.75,127.75,46.93,176.059998,190.949997,75.589996,101.120003,74.059998,43.25,91.279999,117.370003,243.490005,108.300003,132.919998,56.02,68.040001,93.339996,69.690002
1/3/19,142.190002,93.43,310.899994,121.510002,41.07,108.57,106.330002,74.735893,169.509995,168.610001,112.910004,44.490002,125.720001,125.720001,46.639999,174.899994,183.759995,74.040001,97.400002,72.75,42.040001,90.639999,115.260002,236.850006,103.480003,128.130005,56.220001,67.330002,92.860001,68.620003
1/4/19,148.259995,97.639999,327.079987,128.149994,42.919998,110.82,109.610001,77.895554,175.050003,173.619995,117.32,47.220001,127.830002,127.830002,47.57,178.279999,191.320007,76.269997,101.93,74.650002,43,92.489998,118.68,239.619995,107.019997,133.649994,56.360001,69.57,93.440002,71.150002
1/7/19,147.929993,98.169998,328.109985,128.229996,43.209999,112.260002,110.559998,77.938248,176.020004,177.039993,118.150002,47.439999,127.010002,127.010002,46.950001,180.220001,190.880005,75.43,102.059998,75.720001,43.23,92.120003,118.300003,240.080002,106.970001,136.059998,56.720001,69.970001,94.540001,71.519997
1/8/19,150.75,98.650002,340.529999,129.770004,43.560001,111.769997,111.419998,78.834915,175.369995,177.889999,119.830002,47.740002,129.960007,129.960007,47.48,180.600006,191.679993,75.989998,102.800003,76.730003,43.43,92.459999,117.839996,243.289993,108.900002,136.800003,58.380001,71.370003,95.199997,72.040001
1/9/19,153.309998,98.830002,343.829987,130.270004,43.32,113.269997,112.669998,79.162262,176.470001,179.729996,120.690002,48.009998,128.929993,128.929993,46.57,180.289993,192.300003,75.410004,104.269997,76.589996,43.34,90.949997,118.68,243.639999,109.32,138.410004,57.049999,72.230003,94.889999,72.419998
1/10/19,153.800003,98.260002,352.609985,132.960007,43.240002,113.449997,112.800003,79.247658,176,179.059998,121.790001,48.560001,129.710007,129.710007,47.07,181.550003,193.600006,74.480003,103.599998,76.419998,42.310001,91.169998,120.269997,244.869995,110.410004,138.669998,57.599998,72.480003,94.959999,72.050003
1/11/19,152.289993,98.550003,352.899994,132.100006,43.490002,112.540001,112.650002,78.678352,176.929993,179.410004,121.459999,48.93,129.75,129.75,47.34,182.369995,192.210007,74.900002,102.800003,76.040001,42.880001,91.769997,120.470001,247.669998,109.949997,138.059998,58.02,71.709999,94.839996,71.720001
1/14/19,150,98.440002,350.359985,131.800003,43.209999,111.720001,112.419998,78.820679,178.720001,178.809998,120.389999,48.349998,128.279999,128.279999,47.150002,181.220001,192.169998,73.370003,102.050003,76.089996,42.369999,91.150002,120.580002,248.059998,110.849998,137.100006,58.029999,70.650002,94.949997,71.629997
1/15/19,153.070007,97.989998,352.23999,130.690002,44.02,112.120003,111.760002,78.294067,179.910004,176.470001,121.730003,48.599998,129.360001,129.360001,47.57,181.020004,188.940002,74.5,105.010002,77.879997,42.73,92.010002,121.82,256.869995,111.059998,137.339996,58.099998,71.790001,96.25,71.669998
1/16/19,154.940002,99.410004,352.059998,131.660004,43.959999,111.400002,110.910004,78.849144,197.080002,177.039993,121.620003,48.130001,128.039993,128.039993,46.919998,179.350006,189.479996,74.610001,105.379997,77.68,42.110001,91.370003,122.300003,261.459991,110.870003,137.339996,57.080002,72,96.349998,71.639999
1/17/19,155.860001,99.489998,359.089996,134.539993,44.209999,111.959999,111.010002,81.183304,199.089996,174.869995,122.190002,48.470001,129.089996,129.089996,47.060001,181.110001,191.710007,75.599998,106.120003,79.129997,42.470001,90.639999,122.940002,259.769989,112.769997,137.279999,56.830002,71.989998,96.739998,72.129997
1/18/19,156.820007,100.480003,364.730011,136.600006,45.029999,114.370003,111.040001,82.63504,202.539993,179.580002,123.82,49.189999,130.690002,130.690002,47.610001,182.570007,195.860001,75.870003,107.709999,80.449997,42.529999,91.419998,124.010002,265.5,113.900002,138.5,57.09,72.43,97.730003,72.989998
1/22/19,153.300003,99.830002,357.899994,132.240005,44.779999,112.339996,110.599998,80.044693,197.679993,177.110001,122.519997,48.27,128.800003,128.800003,47.720001,184.570007,192.259995,75.830002,105.68,80.75,42.27,90.440002,122.360001,265.690002,111.059998,138.050003,56.990002,71.589996,97.489998,71.889999
1/23/19,153.919998,99.709999,358.609985,131.820007,45.459999,111.389999,111.120003,80.315109,196.899994,176.889999,132.889999,47.939999,128.800003,128.800003,48.27,186.089996,192.289993,75.440002,106.709999,80.5,42.16,94.839996,123.019997,267.019989,117.040001,137.009995,57.759998,71.709999,98.709999,71.300003
1/24/19,152.699997,99.720001,358.269989,132.729996,45.610001,113.510002,110.550003,80.172783,197.800003,177.289993,132.529999,49.759998,127.029999,127.029999,47.689999,187.369995,192.520004,73.169998,106.199997,80.440002,40.950001,94.300003,124.379997,266.130005,115.559998,137.699997,57.07,71.32,98.360001,71.400002
1/25/19,157.759995,100.769997,364.200012,136.860001,46.130001,113.220001,111.089996,82.208061,200.740005,180.399994,133.970001,47.040001,128.229996,128.229996,47.369999,184,195.899994,72.949997,107.169998,80.610001,40.639999,93.599998,124.980003,268.049988,115.809998,138.669998,56.400002,71.889999,96.940002,71.720001
1/28/19,156.300003,100.379997,362.970001,124.370003,45.75,112.169998,110.809998,82.734673,199.720001,179.830002,134.270004,46.709999,128.990005,128.990005,47.169998,183.600006,193.199997,72.919998,105.080002,80.32,39.529999,93.519997,125.029999,266.769989,115.080002,135.990005,55.07,71.580002,97.059998,71.239998
1/29/19,154.679993,100.959999,364.910004,126.529999,45.959999,111.830002,110.900002,83.289749,200.5,179.690002,134.330002,46.540001,130.330002,130.330002,47.400002,182.169998,196.949997,73.230003,102.940002,80.220001,40.77,93.540001,124.82,267.339996,117.839996,135,53.279999,71.5,96.709999,71.510002
1/30/19,165.25,102.669998,387.720001,130.110001,46.709999,113.010002,110.129997,84.371429,202.479996,182.179993,134.380005,47.540001,131.639999,131.639999,47.860001,181.770004,199.270004,73.370003,106.379997,81.279999,41.580002,94.519997,125.879997,270.369995,119.120003,137.600006,54,71.610001,94.800003,72.290001
1/31/19,166.440002,102.699997,385.619995,133.160004,47.290001,114.650002,111.519997,76.586143,198.009995,183.529999,134.419998,47.119999,133.080002,133.080002,48.130001,178.779999,200.300003,74.43,104.43,81.879997,42.450001,96.470001,125.540001,270.200012,118.07,135.009995,55.060001,72.260002,95.830002,73.279999
2/1/19,166.520004,103.059998,387.429993,130.910004,47.34,118.370003,111.300003,76.102234,196.539993,184.369995,134.100006,48.73,134.199997,134.199997,48.700001,176.720001,199.160004,76.449997,102.779999,81.510002,42.880001,97.470001,126.489998,268.720001,118.980003,140.149994,54.549999,71.879997,93.860001,75.919998
2/4/19,171.25,103.419998,397,130.880005,47.349998,119.739998,111.800003,75.618324,197.720001,186.429993,135.190002,49.220001,132.880005,132.880005,49.25,177.550003,200.210007,76.870003,105.739998,81.989998,42.439999,98.029999,126.040001,268.209991,119.139999,141.5,54.040001,71.459999,94.769997,74.82
2/5/19,174.179993,103.900002,410.179993,132,47.259998,119.480003,112.660004,77.226616,198.009995,186.389999,135.550003,50.009998,132.880005,132.880005,49.259998,177.570007,201.119995,77.150002,107.220001,82.860001,42.110001,97.440002,126.18,266.309998,120.769997,142.529999,54.139999,71.309998,95.599998,75.589996
2/6/19,174.240005,104.959999,411.109985,130.539993,47.48,118.879997,111.410004,75.732185,196.619995,184.720001,136.320007,49.900002,133,133,49.259998,176.179993,202.570007,77.389999,106.029999,82.709999,42.330002,97.919998,125.550003,269.5,121.360001,141.490005,53.790001,71.470001,95.639999,75.260002
2/7/19,170.940002,104.389999,405.170013,128.779999,46.700001,118.230003,110.949997,74.266212,193.070007,184.070007,133.190002,49.23,132.050003,132.050003,49.419998,175.279999,199.839996,76.82,105.269997,82.389999,41.700001,97.139999,126.760002,269,120.720001,140.169998,53.57,71.199997,96.730003,74.68
2/8/19,170.410004,104.519997,404.910004,128.600006,47.189999,117.580002,111.510002,73.597282,191.669998,184.539993,133.710007,48.84,132.399994,132.399994,49.5,174.75,199.820007,77.519997,105.669998,82.360001,42.23,97.709999,125.790001,261.899994,122.489998,140.380005,53.950001,70.120003,95.580002,73.980003
2/11/19,169.429993,105.410004,403.950012,128.929993,47.580002,116.949997,109.440002,74.010025,191.330002,182.919998,133.990005,48.77,132,132,49.610001,174.259995,200.910004,76.709999,105.25,83.68,41.68,98.269997,125.419998,257.140015,122.720001,140.800003,54.049999,70.470001,96.199997,74.099998
2/12/19,170.889999,107,410.720001,132.669998,47.889999,118.720001,109.199997,75.945671,194.490005,185.520004,136.050003,50.009998,134.160004,134.160004,49.66,173.970001,206.570007,78.519997,106.889999,84.709999,41.869999,99.260002,127.260002,263.5,123.980003,141.990005,54.419998,71.559998,96.970001,75.400002
2/13/19,170.179993,107.559998,410.579987,133.100006,47.5,119.57,110.199997,75.632553,194.690002,188.410004,137.520004,50.470001,134.449997,134.449997,49.790001,174.149994,209.720001,79.019997,106.809998,85.400002,41.700001,99.239998,128.039993,263.799988,124.419998,143.490005,54.48,72.43,97.940002,76.25
2/14/19,170.800003,106.620003,409.820007,132.619995,48.400002,118.160004,110.660004,74.949387,192.529999,187.710007,136.479996,50.810001,134.309998,134.309998,45.59,175.869995,204.929993,78.940002,106.900002,84.68,41.970001,98.459999,126.93,265.329987,124.129997,143.160004,54.029999,72.110001,98.519997,76.269997
2/15/19,170.419998,107.379997,417.970001,136.199997,49.43,119.349998,112.589996,77.198151,198.5,192.389999,138.029999,51.66,136.380005,136.380005,45.240002,179.970001,208.860001,79.809998,108.220001,85.379997,42.400002,98.480003,128.740005,271.130005,127.760002,144.910004,55.16,73.43,99.989998,77.709999
2/19/19,170.929993,106.5,416.26001,135.800003,49.650002,119.309998,113.510002,77.696297,198.669998,192.330002,138.699997,51.400002,135.690002,135.690002,44.830002,179.25,208.410004,79.239998,108.169998,84.57,42.599998,99.989998,129.100006,270.410004,128.639999,144.440002,55.439999,74.43,102.199997,78.230003
2/20/19,172.029999,106.779999,421.549988,140.309998,49.630001,120.279999,113.68,80.044693,198.600006,191.850006,138,51.389999,136.350006,136.350006,45.099998,180.490005,208.529999,79.43,107.150002,84.839996,42.200001,99.279999,129.740005,269.51001,128.429993,144.729996,55.759998,71.800003,99.879997,78.529999
2/21/19,171.059998,106.610001,417.579987,138.880005,49.41,119.139999,114.290001,78.649887,196.360001,191.820007,137.839996,51.41,135.419998,135.419998,45.860001,182.809998,207.770004,79.830002,109.410004,83.949997,42.139999,99.779999,129.820007,266.399994,126.32,144,56.150002,70.470001,99.389999,77.82
2/22/19,172.970001,107.440002,424.049988,138.679993,50.110001,119.389999,115.25,78.237137,196,192.389999,139.25,52.490002,136.600006,136.600006,45.279999,183.169998,209.350006,80.769997,110.970001,84.760002,42.959999,100.25,131.020004,267.109985,127.769997,145.869995,56.919998,70.43,99.550003,78.419998
2/25/19,174.229996,106.93,426.869995,141.410004,50.790001,119.620003,113.589996,79.816971,198.649994,189.979996,139.460007,53.099998,136.199997,136.199997,44.939999,182.610001,210.580002,80.379997,111.589996,85.169998,43.080002,99.57,132.490005,264.600006,128.270004,146.059998,56.779999,71.309998,99.120003,78.5
2/26/19,174.330002,106.940002,426.769989,137.979996,51.18,119.940002,113.5,79.53231,198.899994,188.300003,139.720001,53.23,136.110001,136.110001,44.689999,183.210007,209.380005,80.739998,112.360001,85.800003,43.02,99.830002,133.270004,262.980011,127.190002,147.039993,56.639999,71.480003,98.690002,78.660004
2/27/19,174.869995,107.419998,435.440002,139.580002,51.59,120.080002,112.779999,77.881317,198.100006,183.669998,139.169998,53.240002,135.869995,135.869995,44.939999,183.360001,209.029999,80.620003,112.169998,86.169998,42.93,98.910004,132.619995,250.080002,126.900002,147.220001,56.720001,71.370003,98.110001,79.470001
2/28/19,173.149994,107.739998,439.959991,137.339996,51.77,119.580002,112.839996,75.760651,196.699997,185.139999,138.130005,52.959999,136.639999,136.639999,45.34,183.839996,207.389999,81.290001,112.029999,85.730003,43.349998,98.550003,132.910004,242.220001,125.669998,148.119995,56.919998,71.190002,98.989998,79.029999
3/1/19,174.970001,108.900002,440.619995,137.470001,51.41,122.029999,114.010002,75.917206,198.199997,185.169998,139.199997,53.299999,138.350006,138.350006,45.380001,185.050003,207.490005,81.650002,112.529999,87.160004,43.360001,98.440002,133.029999,246.149994,125.769997,149.470001,56.959999,66.610001,97.93,80
3/4/19,175.850006,109,432.690002,138.350006,51.16,122.120003,114.330002,77.212387,195.979996,183.809998,138.429993,53.939999,138.479996,138.479996,45.650002,180.589996,206.860001,81.370003,112.260002,85.639999,43.07,98.870003,132.149994,236.020004,125.739998,147.960007,56.240002,64.739998,97.849998,80.309998
3/5/19,175.529999,108.849998,430.119995,137.139999,51.299999,123.290001,114,76.401123,196,184,137.880005,53.68,138.770004,138.770004,45.599998,181.350006,203.839996,81.699997,111.699997,85.440002,42.889999,99.089996,132.690002,241.429993,125.940002,147.949997,56.080002,63.400002,98.339996,80.190002
3/6/19,174.520004,108.980003,424.459991,134.830002,51.669998,123.529999,114.849998,77.525505,194.740005,184.449997,136.979996,52.950001,139.089996,139.089996,45.450001,182.029999,202.800003,80.760002,111.75,85.129997,41.860001,98.93,131.800003,239.070007,125.389999,147.809998,55.68,61.099998,98.260002,79.279999
3/7/19,172.5,107.860001,422.559998,132.800003,51.290001,121.940002,114.010002,77.596664,192.770004,182.509995,135.360001,52.599998,138.240005,138.240005,45.279999,180.520004,199.860001,80.449997,110.389999,85.260002,41.389999,98.550003,131.490005,236.699997,124.459999,146.830002,56.299999,59.790001,97.449997,80.160004
3/8/19,172.910004,107.980003,422.540009,131.350006,51.07,121.620003,113.809998,77.824333,195.240005,181.229996,135.089996,52.48,138.059998,138.059998,44.84,179.5,200.889999,79.800003,110.510002,84.800003,40.889999,98.410004,131.020004,237.289993,124.019997,147.350006,56.529999,59.900002,97.589996,79.010002
3/11/19,178.899994,109.559998,400.01001,133.110001,51.919998,123.620003,114.75,79.105278,195.970001,182.440002,137.710007,53.349998,138.559998,138.559998,46.18,181.080002,207.100006,80.870003,112.830002,85.82,41.5,99.580002,131.869995,243.149994,126.010002,150.669998,57.580002,60.68,98.480003,79.779999
3/12/19,180.910004,110.43,375.410004,132.479996,52.150002,123.900002,114.730003,79.091042,196.630005,184,138.279999,53.57,139.179993,139.179993,46.049999,181.830002,205.800003,81.230003,113.620003,85.43,41.73,100.050003,132.720001,245.880005,124.669998,151.729996,57.43,61,98.370003,80
3/13/19,181.710007,112.139999,377.140015,133.5,52.59,124.669998,114.089996,79.560722,197.25,181.139999,138.559998,54.369999,139.410004,139.410004,46.220001,182.059998,206.660004,81.599998,114.5,85.93,42.009998,101.18,133,252.25,126.639999,152.470001,57.66,61.900002,99.029999,80.709999
3/14/19,183.729996,112.349998,373.299988,133.690002,52.740002,124.599998,114.480003,78.322479,197.470001,181.610001,138.789993,53.439999,138.020004,138.020004,45.700001,182.740005,207.380005,81.489998,114.589996,86.870003,41.189999,101.32,133.059998,253.270004,126.889999,154.199997,57.950001,61.82,98.220001,80.440002
3/15/19,186.119995,113.519997,378.98999,132.669998,53.200001,125.309998,114.959999,78.678299,198.259995,182.229996,139.429993,54.330002,137.600006,137.600006,45.299999,185.330002,208.080002,81.57,115.910004,86.800003,41.779999,102.440002,134.179993,251.399994,125.919998,155.460007,58.389999,62.630001,98.419998,80.150002
3/18/19,188.020004,113.550003,372.279999,134.100006,53.509998,125.879997,113.120003,78.578667,202.470001,183.419998,140.210007,54.099998,137.169998,137.169998,45.41,183.949997,208.490005,81.349998,117.57,87.82,41.810001,101.510002,134.940002,255,126.900002,154.960007,58.07,63.080002,99.660004,81.080002
3/19/19,186.529999,112.669998,373.429993,134.149994,53.310001,125.279999,110,78.393639,201.119995,184.130005,140.490005,54.169998,138.440002,138.440002,45.560001,183.110001,209.020004,81.910004,117.650002,87.690002,42.299999,101.900002,132.929993,257.130005,126.510002,154.589996,57.5,63.77,99.849998,80.870003
3/20/19,188.160004,110.769997,376.160004,133.009995,53.259998,124.690002,109.989998,78.294014,194.320007,186.100006,139.600006,53.82,137.289993,137.289993,45.529999,184.970001,208.300003,82.080002,117.519997,86.690002,42.169998,101.720001,131.330002,250.5,125.309998,153.75,57.669998,62.790001,98.639999,81.32
3/21/19,195.089996,111.82,372.700012,134.059998,53.939999,125.860001,108.660004,79.589188,194.580002,189.970001,141.440002,54.639999,138.100006,138.100006,45.509998,186.369995,209.610001,82.949997,120.220001,88.010002,42.349998,102.489998,134.369995,252.020004,126.879997,155.800003,58.290001,63.599998,99.059998,81.790001
3/22/19,191.050003,109.459999,362.170013,129.770004,52.740002,123.089996,108.230003,76.742653,188.960007,188.75,139.449997,53.259998,136.910004,136.910004,45.93,186.809998,204.660004,82.290001,117.050003,82.190002,41.849998,101.660004,134.899994,247.089996,125.150002,153.070007,59.759998,62.41,98.279999,80.480003
3/25/19,188.740005,109.040001,370.459991,131.380005,52.73,122.889999,107.790001,75.817528,188.509995,189.679993,139.179993,52.779999,136.610001,136.610001,46.029999,185.720001,203.210007,82.349998,117.660004,82.330002,41.889999,101.959999,134.949997,246.860001,125.400002,153.029999,60.080002,61.689999,98.169998,79.919998
3/26/19,186.789993,109.5,370.380005,131.839996,53.23,124.129997,110.139999,75.68943,190.690002,189.339996,140.220001,53.439999,138.570007,138.570007,46.639999,187.479996,207.240005,82.919998,117.910004,83.379997,42.419998,103.019997,134.979996,243.389999,126.139999,155.300003,60.630001,61.919998,98.32,80.959999
3/27/19,188.470001,108.980003,374.209991,131.199997,53.139999,122.790001,110.279999,74.949333,190.029999,189.25,139.240005,53.16,138.699997,138.699997,46.610001,187.509995,207.160004,82.290001,116.769997,83.089996,42.02,102.900002,136.350006,241.710007,126.300003,154.220001,60.880001,62.23,97.209999,80.339996
3/28/19,188.720001,109.160004,374.440002,132.369995,53.360001,123.019997,110.709999,75.034729,191.179993,190.059998,139.919998,53.110001,138.880005,138.880005,46.580002,189.389999,208.529999,82.629997,116.93,84.040001,42.290001,103.550003,136.899994,242.229996,127.269997,154.669998,59.080002,62.509998,97.129997,80.739998
3/29/19,189.949997,109.300003,381.420013,135.490005,53.990002,123.18,111.029999,75.874458,191.990005,191.889999,141.100006,53.700001,139.789993,139.789993,46.860001,189.899994,207.779999,83.169998,117.940002,84.209999,42.470001,104.050003,137.160004,247.259995,128.889999,156.190002,59.130001,63.27,97.529999,80.800003
4/1/19,191.240005,111.699997,391.540009,140.25,54.98,124.940002,112.510002,77.454285,196.740005,195.639999,143.300003,54.509998,138.979996,138.979996,46.720001,188.389999,211.940002,83.300003,119.019997,85.230003,42.84,103.639999,138.020004,245.539993,133.190002,157.259995,59.09,63.490002,97.82,81.730003
4/2/19,194.020004,111,390.75,140.190002,55.290001,124.93,111.959999,77.227516,197.5,194.309998,143,54.360001,137.710007,137.710007,46.57,188.350006,212.130005,83.209999,119.190002,84.370003,42.91,103.75,136.809998,244.410004,131.899994,157.779999,58.529999,55.360001,96.940002,81.379997
4/3/19,195.350006,110.559998,384.73999,139.259995,55.630001,123.889999,112.519997,79.047623,200.860001,198.610001,143.630005,55.48,137.169998,137.169998,46.18,188.350006,213.130005,83.18,119.970001,84.470001,42.84,103.690002,136.600006,245.839996,131.309998,158.460007,58.869999,54.84,97.190002,80.900002
4/4/19,195.690002,110.120003,395.859985,140.130005,55.139999,124.800003,114.75,79.957672,202.229996,200.449997,142.779999,55.919998,135.570007,135.570007,46.48,189.869995,215.029999,81.849998,119.360001,85.279999,42.740002,103.43,136.520004,247.389999,132.699997,157.639999,58.990002,54.150002,98.110001,82.050003
4/5/19,197,110.959999,391.929993,140.360001,55.209999,126.419998,115,80.211639,202.380005,202.059998,143.279999,55.599998,136.179993,136.179993,46.470001,190.710007,215.410004,81.150002,119.889999,85.400002,42.990002,103.650002,136.399994,248.779999,133.720001,157.649994,59.09,54.689999,98.830002,82.489998
4/8/19,200.100006,110.699997,374.519989,139.820007,55.490002,126.68,114.959999,80.719574,202.539993,203.550003,143.389999,55.68,136.139999,136.139999,46.549999,189.850006,215.020004,80.949997,119.93,84.730003,43.139999,104.970001,135.880005,248.75,133.559998,157.75,59.130001,55.060001,99.230003,83
4/9/19,199.5,109.849998,369.040009,136.350006,55.18,125.540001,116.860001,80.888885,200.619995,200.899994,142.110001,55.32,135.570007,135.570007,46.669998,190.080002,211.960007,80.800003,119.279999,84.279999,42.84,104.660004,135.190002,248.789993,132.25,157.490005,58.400002,54.5,98.690002,81.93
4/10/19,200.619995,110.160004,364.940002,137.529999,55.82,125.489998,117.160004,81.481483,202.979996,199.429993,143.020004,55.75,135.580002,135.580002,46.639999,189.220001,212.110001,80.82,120.190002,84.879997,42.73,104.650002,135.460007,246.029999,131.660004,158.559998,58.610001,54.509998,99.599998,81.559998
4/11/19,198.949997,109.849998,370.160004,138.869995,55.599998,125.989998,116.599998,82.306877,202.830002,201.479996,143.779999,55.799999,135.210007,135.210007,46.709999,188.880005,213.529999,79.839996,120.330002,85,42.27,104.75,136.279999,235.419998,132.820007,157.860001,58.560001,53.439999,100.800003,81.949997
4/12/19,198.869995,110.910004,379.640015,141.199997,56.290001,119.760002,130.059998,83.534393,207.839996,203.850006,144.350006,56.419998,135.979996,135.979996,46.740002,191.600006,217.419998,79.43,120.949997,86.239998,41.709999,105.059998,137.720001,223.220001,135.300003,159.639999,58.740002,53.450001,101.559998,80.919998
4/15/19,199.229996,110.529999,375.459991,140.25,56.560001,120.139999,132.039993,82.328041,199.910004,204.860001,143.899994,56.279999,136.520004,136.520004,47,191.850006,215.830002,78.529999,121.050003,86.830002,42.09,105.730003,136.789993,230.199997,134.550003,160.440002,58.709999,54.240002,102.43,80.650002
4/16/19,199.25,111.879997,381.720001,142.029999,56.950001,121.169998,129.899994,82.85714,201.839996,204.470001,145.139999,56.709999,138.020004,138.020004,46.950001,191.699997,216.899994,77.559998,120.769997,87.800003,40.919998,106.419998,138.339996,220.960007,135.339996,160.229996,58.790001,54.84,102.93,81.199997
4/17/19,203.130005,111.760002,377.519989,142.740005,56.310001,120.269997,131.75,82.962959,207.899994,206.550003,139.110001,58.560001,138.520004,138.520004,47.279999,191.610001,217.639999,73.919998,121.769997,88.730003,39.880001,105.849998,135.869995,216.839996,135.789993,160.440002,57.779999,55.139999,103.160004,81.43
4/18/19,203.860001,113.669998,380.070007,143.360001,56.400002,119.860001,132.449997,82.53968,205.910004,205.660004,140.330002,58.490002,137.520004,137.520004,47.48,194.910004,218.880005,73.190002,123.370003,89.199997,39.380001,106.050003,138.929993,221.75,137,160.160004,58.040001,54.630001,103.18,81.129997
4/22/19,204.529999,112.330002,375.170013,142.380005,56.34,121.900002,131.679993,81.100533,204.600006,204.779999,138.889999,58.82,137.830002,137.830002,47.400002,193.919998,218.539993,73.459999,123.760002,87.360001,38.98,106.010002,136.610001,227.110001,136.910004,160.399994,58.369999,54.099998,102.370003,82.900002
4/23/19,207.479996,113.970001,374.019989,142.029999,56.689999,122.019997,133.360001,81.015877,204.139999,206.050003,140.440002,58.779999,139.899994,139.899994,48.209999,195.259995,219.5,74.599998,125.440002,87.43,39.419998,103.160004,138.009995,230.580002,140.020004,161.660004,57.150002,53.220001,103.07,83.379997
4/24/19,207.160004,114.019997,375.459991,137.729996,56.880001,118.279999,135.100006,81.037041,200.539993,206.720001,139.949997,58.720001,139.199997,139.199997,47.98,197.630005,219.080002,74.730003,125.010002,88.389999,39.369999,103.690002,139.179993,230.350006,139.589996,161.490005,57.080002,53.470001,103.529999,81.760002
4/25/19,205.279999,115.879997,382.799988,136.130005,56.330002,117.900002,137.240005,79.576721,201.399994,206.5,138.630005,57.610001,139.649994,139.649994,47.84,197.929993,190.720001,76.339996,129.149994,87.559998,39.610001,103.279999,139.190002,230.789993,139.729996,161.020004,55.849998,52.68,103.519997,82.220001
4/26/19,204.300003,117.599998,380.790009,139.029999,55.880001,117.099998,139.919998,80.423279,203.080002,203.610001,139.440002,52.43,140.389999,140.389999,48.259998,197.419998,191.669998,76.629997,129.889999,88.309998,39.970001,105.860001,140.240005,237,140.779999,162.929993,56.580002,52.849998,101.529999,80.489998
4/29/19,204.610001,116.760002,379.049988,139.020004,56.130001,117.720001,139.300003,80.338623,206.919998,202.160004,139.050003,51.110001,139.839996,139.839996,48.419998,197.119995,190.210007,76.779999,129.770004,88.260002,39.59,104.779999,141.460007,237.449997,142.119995,164.149994,56.84,53.560001,101.559998,79.970001
4/30/19,200.669998,117.230003,377.690002,139.419998,55.950001,120.059998,136.970001,81.375664,205.919998,203.699997,140.270004,51.040001,141.199997,141.199997,49.060001,197.570007,189.509995,78.709999,130.600006,87.830002,40.610001,106.480003,143.75,233.070007,142.610001,164.429993,57.189999,53.57,102.839996,80.279999
5/1/19,210.520004,117.019997,376.799988,138.149994,55.580002,117.809998,136.380005,78.962959,204.729996,198.800003,140.559998,50.759998,141.949997,141.949997,48.59,194.169998,186.070007,78.720001,127.879997,85.900002,40.77,104.93,143.080002,231.949997,141.580002,162.789993,56.52,53.68,101.360001,78.669998
5/2/19,209.149994,117.25,375.799988,135.169998,54.939999,116.379997,134.139999,73.375664,204.990005,201.009995,139.589996,50.549999,141.279999,141.279999,48.389999,194.610001,184.75,79.519997,126.209999,85.269997,41.009998,105.559998,142.699997,232.449997,139.800003,161.119995,56.990002,53.790001,101.150002,77.290001
5/3/19,211.75,119.349998,376.459991,139.059998,54.939999,117.269997,134.330002,73.84127,207.520004,200.559998,140.25,51.75,142.009995,142.009995,48.720001,197.520004,185.220001,80,128.899994,85.699997,41.389999,106.080002,143.350006,231.949997,141.630005,162.039993,57.240002,54.080002,102.080002,77.470001
5/6/19,208.479996,119.339996,371.600006,136.759995,54.59,118.400002,135,71.153442,206.429993,199.630005,140.380005,51.220001,142.089996,142.089996,48.470001,198.899994,183.039993,79.480003,128.149994,83.57,41.650002,105.68,143.429993,240.5,140.199997,162.279999,56.91,53.919998,102.459999,77.129997
5/7/19,202.860001,118.220001,357.230011,133.669998,53.450001,118.269997,133.440002,68.021164,202.630005,194.770004,137.639999,50.48,139.970001,139.970001,48,198.039993,179.119995,77.900002,125.519997,82.540001,40.830002,104.699997,141.710007,238.050003,135.440002,160.210007,56.630001,52.939999,101.300003,76.720001
5/8/19,202.899994,117.489998,359.75,131.949997,53.470001,117.5,134.990005,67.047623,200.949997,195.169998,138,49.240002,139.789993,139.789993,47.849998,198.029999,178.589996,78.18,125.510002,82.769997,40.950001,105.07,141.529999,239.149994,137.070007,160.759995,56.380001,53.5,100.300003,76.839996
5/9/19,200.720001,117.260002,354.130005,131.199997,52.919998,121.190002,133.589996,65.587303,201.630005,194.580002,135.339996,46.619999,138.729996,138.729996,47.400002,197.729996,175.279999,78.330002,125.5,82.980003,40.639999,104.239998,141.830002,237.970001,136.860001,159.809998,56.48,53.560001,99.540001,76.769997
5/10/19,197.179993,118.459999,354.670013,131.339996,53.360001,121.989998,134.039993,66.624336,202.050003,194.580002,135.320007,46.200001,139.050003,139.050003,48.189999,199.990005,175.860001,78.190002,127.129997,83.949997,40.720001,106.010002,143.960007,240.589996,137.169998,160.710007,56.91,53.419998,101.910004,76.559998
5/13/19,185.720001,115.900002,337.369995,125.300003,51.299999,120.440002,131.339996,64,194.970001,190.339996,131.419998,44.759998,137.199997,137.199997,48.049999,199.029999,174.070007,77.169998,123.349998,82.529999,40.57,106.110001,143.410004,239.550003,131.960007,157.330002,56.75,52.119999,99.889999,75.709999
5/14/19,188.660004,117.010002,343.040009,127.470001,52.02,121.639999,133.199997,65.100533,196.279999,191.619995,133.309998,45.169998,136.820007,136.820007,48.689999,198.009995,175.210007,77.419998,124.730003,83.669998,40.66,105.599998,145.710007,236.429993,133.979996,160.210007,56.549999,52.580002,100.290001,75.809998
5/15/19,190.919998,117.660004,345.640015,127.300003,52.439999,122.139999,134.679993,63.703705,196.399994,191.759995,134.399994,45.619999,136.910004,136.910004,49.18,199.070007,174.119995,77.550003,126.019997,84.010002,41.150002,106.699997,146.520004,236.080002,133.979996,162.789993,56.810001,52.740002,99.879997,76.370003
5/16/19,190.080002,119.839996,353.809998,126.610001,55.93,120.800003,135.5,65.185188,199.139999,192.380005,135.880005,45.529999,138.210007,138.210007,49.580002,199.990005,171.809998,79.129997,128.929993,84.279999,41.639999,108.110001,147.410004,236.789993,135.25,164.869995,57.380001,52.5,101.309998,76.360001
5/17/19,189,119.07,355.019989,122.760002,56.349998,120.519997,135.039993,65.544975,197.429993,192.580002,134.320007,44.889999,138.610001,138.610001,49.200001,199.220001,169.089996,78.720001,128.070007,84.57,41.470001,107.449997,147.490005,241.380005,133.75,164.089996,58.09,52.27,100.860001,75.910004
5/20/19,183.089996,119.839996,352.790009,122.43,56.009998,120.839996,133.910004,65.671959,197.240005,190.949997,135.119995,43.560001,138.419998,138.419998,48.849998,198.990005,166.25,78.879997,126.220001,82.849998,41.59,107.330002,148.169998,245.990005,133.479996,163.470001,59.009998,52.259998,101.519997,75.900002
5/21/19,186.600006,120.550003,358.75,124.949997,56.52,121.339996,134.089996,67.703705,199.110001,191.449997,136.449997,44.459999,138.119995,138.119995,48.599998,199.839996,167.300003,79.5,126.900002,83.639999,41.669998,106.370003,147.470001,249.940002,136.029999,163.860001,59.5,52.759998,101.120003,76.25
5/22/19,182.779999,120.010002,352.779999,123.559998,55.689999,120.57,133.850006,67.132278,195.520004,188.910004,136.350006,44,138.759995,138.759995,49.650002,199.960007,169.740005,80.980003,127.669998,83.199997,41.990002,106.720001,147.960007,249.339996,135.410004,164.240005,59.25,52.939999,102.230003,75.559998
5/23/19,179.660004,118.43,350.549988,122.260002,54.189999,117.870003,132.729996,65.481483,191.970001,192,132.389999,44.529999,139.789993,139.789993,49.849998,198.970001,165.869995,81.019997,126.18,82.639999,41.919998,106.760002,146.940002,246.5,130.449997,161.509995,58.869999,51.610001,101.860001,73.790001
5/24/19,178.970001,119.510002,354.899994,122.900002,54.369999,118.709999,132.789993,65.777779,193,193.589996,132.279999,44.57,138.850006,138.850006,49.610001,197.770004,166.089996,81.169998,126.239998,82.160004,41.950001,106.690002,147.940002,247.630005,131.399994,162.639999,59.32,51.77,102.669998,74.099998
5/28/19,178.229996,118.169998,354.880005,121.589996,53.93,118.309998,132.619995,65.121696,189.440002,191.550003,130.460007,43.57,137.070007,137.070007,49.099998,196.669998,163.350006,80.260002,126.160004,81.199997,41.900002,104.459999,146.279999,242.059998,129.919998,163.710007,58.73,51.720001,102.419998,72.610001
5/29/19,177.380005,117.010002,348.799988,121.480003,53.18,116.769997,131.570007,65.798943,188.050003,189.990005,129.690002,44.23,131.330002,131.330002,48.610001,196.020004,161.399994,79.360001,124.940002,78.870003,41.720001,104.190002,145.070007,242.399994,129.470001,162.729996,58.18,51.130001,102.120003,72.160004
5/30/19,178.300003,116.739998,349.869995,121.839996,53.57,115.379997,132.199997,65.968254,187.369995,191.080002,129.570007,44.73,132.110001,132.110001,49.25,199.240005,160.580002,79.68,125.730003,79.260002,41.900002,105.330002,145.729996,243.5,128.399994,162.759995,56.830002,50.549999,102.190002,71.970001
5/31/19,175.070007,114.709999,341.609985,119.809998,52.029999,113.849998,132.039993,64.59259,182.490005,189.850006,126.989998,44.040001,131.149994,131.149994,49.130001,198.270004,159.75,79.209999,123.68,77.139999,41.52,102.910004,145.570007,241.800003,126.300003,161.330002,54.349998,49.34,101.440002,70.769997
6/3/19,173.300003,114.620003,338.890015,120.650002,51.779999,115.989998,132.470001,76.099998,183.190002,189.570007,128.270004,43.459999,131.440002,131.440002,49.98,198.779999,160.039993,80.260002,119.839996,77.959999,41.919998,103.800003,146.789993,236.559998,126.860001,158.600006,56.380001,49.91,101.959999,71.879997
6/4/19,179.639999,116.849998,344.619995,122.080002,53.23,117.300003,134.820007,74.110001,189.880005,195.25,132.690002,44.790001,133.729996,133.729996,50,199.630005,164.289993,81.080002,123.160004,81.620003,42.23,104.68,147.550003,240.759995,129.369995,162.330002,56.220001,51.5,102.559998,73.589996
6/5/19,182.539993,118.120003,348.75,123.120003,54.75,117.650002,135.940002,74.860001,188.440002,196.690002,131.490005,44.549999,134.380005,134.380005,50.779999,200.130005,163.850006,81.690002,125.830002,82.720001,42.48,106.730003,149.850006,242.770004,131.360001,165.389999,57.029999,50.799999,104.419998,72.980003
6/6/19,185.220001,119.43,350.640015,123.389999,55.099998,120.68,137.210007,72.660004,189.809998,197.169998,132.220001,45.099998,136.679993,136.679993,51.400002,203.050003,164.720001,81.440002,127.82,82.449997,42.709999,107.379997,149,241.820007,131.669998,166.919998,57.540001,50.98,105.110001,74.309998
6/7/19,190.149994,121.110001,353.700012,124.459999,55.93,121.480003,138.039993,73.639999,189.809998,197.300003,133.309998,46.029999,138.550003,138.550003,51.490002,205.479996,166.610001,82.459999,131.399994,83.410004,42.919998,108.769997,149.529999,246.770004,132.149994,170.050003,57.240002,51.970001,106.059998,74.580002
6/10/19,192.580002,122.660004,353.799988,125.739998,56.419998,122.290001,137.070007,73.75,194.119995,198.050003,134.740005,46.799999,139.020004,139.020004,51.380001,201.300003,168.289993,82.480003,132.600006,82.580002,43.07,108.720001,149.320007,248.139999,128.009995,170.820007,56.150002,52.290001,107.519997,74.910004
6/11/19,194.809998,123.230003,349.329987,127.279999,57.110001,121.169998,135.080002,73.730003,194.729996,198.009995,135.949997,46.849998,139.779999,139.779999,51.330002,203.259995,168.910004,82.980003,132.100006,83.260002,42.669998,109.379997,149.190002,245.869995,122.940002,170.309998,56.830002,52.880001,107.940002,74.839996
6/12/19,194.190002,122.029999,347.029999,127.099998,55.860001,120.190002,135.720001,73.459999,190.220001,198.940002,134.869995,46.32,141.679993,141.679993,51.639999,204.929993,169.009995,83.709999,131.490005,82.629997,43.080002,109.68,149.729996,244.5,124.07,171.589996,57.360001,52.119999,108.82,74.029999
6/13/19,194.149994,121.860001,348.859985,127.169998,56.169998,120.910004,141.740005,74.830002,191.449997,202.350006,135.759995,46.700001,140.710007,140.710007,51.130001,204.490005,168.850006,82.900002,132.320007,83.610001,42.5,110.910004,149.410004,244.960007,124.809998,169.350006,57.619999,52.889999,108.650002,74.68
6/14/19,192.740005,122,347.160004,127.230003,54.75,120.809998,141.649994,75.080002,191.660004,205.770004,135.149994,46.189999,140.089996,140.089996,51.310001,205.289993,166.690002,82.779999,132.449997,83.440002,42.759998,111.199997,150.110001,245.369995,125.300003,169.660004,58.279999,52.57,109.07,74.349998
6/17/19,193.889999,121.449997,354.899994,127.32,55.400002,121.389999,140.970001,74.75,190.830002,206.979996,134.949997,46.130001,139.440002,139.440002,50.869999,203.809998,166.779999,83.300003,132.850006,82.110001,42.880001,110.989998,149.919998,245.970001,124.230003,169.559998,57.630001,52.810001,109.160004,75.089996
6/18/19,198.449997,123.43,373.959991,130.330002,56.049999,122.93,139.240005,74.25,194.979996,207.479996,136.380005,47.369999,140.229996,140.229996,50.639999,204.509995,171.860001,84.489998,135.160004,84.300003,43.07,109.599998,150.330002,245.699997,126.620003,169.279999,57.330002,52.799999,109.650002,75.739998
6/19/19,197.869995,124.68,368.559998,130.610001,56.130001,122.889999,140.919998,72.970001,195.639999,207.940002,137.080002,47.07,140.449997,140.449997,51.119999,204.550003,170.75,85.360001,135.690002,83.550003,43.5,110.419998,151.600006,250.190002,126.760002,170.690002,57.630001,52.900002,109.620003,75.32
6/20/19,199.460007,124.919998,374.880005,133.630005,57.41,124.279999,142.020004,74.980003,195.699997,211.25,138.850006,47.189999,142.210007,142.210007,51.66,205.119995,173.940002,84.599998,136.949997,85.239998,43.599998,111.739998,152.190002,247.759995,130.029999,173.740005,57.34,52.880001,110.32,76.610001
6/21/19,198.779999,124.730003,371.839996,133.889999,57.029999,124.93,140.229996,74.639999,195.940002,209.389999,139.199997,47.459999,142.089996,142.089996,51.549999,204.259995,173.350006,84.57,136.970001,85.75,43.669998,111.199997,151.479996,252.279999,128.75,173.440002,57.77,52.450001,111.129997,77.690002
6/24/19,198.580002,124.139999,373.98999,134.369995,57.18,124.910004,139.220001,74.699997,197.490005,205.5,139.350006,47.630001,143.059998,143.059998,51.919998,203.919998,173.380005,85.510002,137.779999,84.5,43.759998,112.330002,152.020004,249.639999,130.179993,173.850006,58.27,51.950001,111.239998,76.949997
6/25/19,195.570007,123.160004,369.320007,133.710007,56.080002,123.639999,139.940002,74.129997,196.059998,204.740005,138.360001,46.849998,144.240005,144.240005,51.759998,205.710007,172.029999,85.239998,133.429993,82.620003,43.759998,111.720001,153.130005,247.660004,129.020004,171.279999,58,52.950001,110.720001,76.269997
6/26/19,199.800003,123.589996,374.940002,135.149994,56.599998,123.93,140.399994,73.839996,197.009995,206.419998,138.520004,48.189999,141.850006,141.850006,51.119999,204.550003,171.880005,83.540001,133.929993,82.550003,42.990002,109.730003,148.699997,243.470001,127.760002,171.059998,56.990002,52.380001,110.160004,76.599998
6/27/19,199.740005,123.940002,364.019989,135.5,55.73,123.110001,139.300003,73.830002,199.320007,207.020004,138.520004,47.459999,140.690002,140.690002,51.080002,206.270004,171.5,83.830002,134.149994,83.660004,43.43,109.779999,149.199997,246.339996,128.970001,171.229996,57.25,54.52,110.099998,75.82
6/28/19,197.919998,123.440002,364.01001,136.289993,54.73,124.440002,139.639999,75.07,204.600006,207.970001,137.899994,47.869999,139.279999,139.279999,50.919998,207.660004,173.339996,83.849998,133.960007,83.949997,43.32,109.650002,149.520004,244.009995,130.199997,173.550003,57.130001,54.669998,110.489998,76.629997
7/1/19,201.550003,124.919998,356.459991,136.600006,54.740002,124.839996,141.649994,75.82,206.860001,210.279999,139.880005,48.049999,139.360001,139.360001,51.599998,206.300003,174.509995,84.75,135.679993,85.410004,43.77,110.489998,151.419998,242.639999,131.339996,173.940002,56.66,54.650002,110.620003,76.559998
7/2/19,202.729996,125.099998,354.160004,135.850006,55.810001,122.93,142.529999,74.839996,205.979996,210.139999,140.220001,48.119999,140.029999,140.029999,51.98,209.580002,174.020004,85.510002,136.580002,84.959999,44.220001,111.480003,152.830002,243.970001,131.960007,175.279999,58.130001,54.959999,111.599998,75.720001
7/3/19,204.410004,125.860001,354.470001,135.589996,56.48,123.349998,142.979996,74.18,206.039993,212.100006,141.539993,48.52,142.139999,142.139999,52.099998,212.809998,174.979996,86.900002,137.460007,86.199997,44.400002,114.080002,154.300003,245.210007,133,176.869995,58.130001,55.189999,112.32,76.440002
7/5/19,204.229996,125.400002,355.859985,135.490005,56.599998,123.540001,142.449997,73.739998,207.899994,211.460007,141.380005,48.080002,140.570007,140.570007,52.110001,211.240005,172,85.599998,137.059998,86.82,43.919998,113.150002,154.089996,246.990005,132.539993,176.660004,58.310001,55.189999,111.980003,76.129997
7/8/19,200.020004,124.849998,351.119995,134.839996,56.189999,123.599998,141.020004,72.110001,205.75,212.910004,140.570007,47.82,140.970001,140.970001,52,212.160004,169.190002,84.040001,136.960007,88.480003,43.299999,114.050003,153.800003,247.839996,130.869995,176.190002,57.889999,55.43,112.720001,76.480003
7/9/19,201.240005,125.900002,353.089996,134.289993,56.34,123.349998,141.610001,70,207.770004,212,139.330002,47.75,141.410004,141.410004,51.59,212.089996,165.699997,84.860001,136.460007,88.040001,43.369999,112.910004,153.449997,246,130.389999,177.729996,56.41,55.5,112.879997,76.43
7/10/19,203.229996,126.889999,352.299988,132.639999,57.130001,125.440002,143.539993,69.650002,205.970001,210.75,140.470001,48.209999,141.210007,141.210007,51.82,213,165.699997,84.82,137.850006,87.440002,44.060001,113.75,153.330002,247.479996,130.449997,179.309998,57,55.57,112.980003,77.510002
7/11/19,201.75,127.279999,359,133.960007,57.299999,125.43,143.559998,69.5,211.350006,214.039993,141.240005,48.599998,140.110001,140.110001,52.040001,212.690002,169.039993,81,138.399994,88.290001,42.98,114.379997,152.429993,261.160004,131.339996,180.740005,56.919998,55.619999,113.919998,77.57
7/12/19,203.300003,127.959999,365.329987,138.360001,57.950001,125.980003,144.880005,71.519997,213.940002,218.229996,142.740005,49.919998,134.300003,134.300003,52.119999,212.990005,173.339996,79.730003,138.899994,89.120003,42.400002,114.989998,153.389999,265.899994,133.720001,180.330002,57.189999,55.740002,114.599998,77.629997
7/15/19,205.210007,128.570007,361.609985,139.639999,58.049999,125.720001,145.059998,71.940002,211.580002,218.699997,143.320007,50.119999,134.710007,134.710007,52.130001,214.210007,172.839996,80.959999,138.899994,89.480003,42.75,115.480003,154.830002,265.959991,133.229996,180.570007,57.580002,55.889999,114.980003,77.080002
7/16/19,204.5,128.059998,362.75,139.089996,57.619999,124.760002,144.300003,72.32,215.520004,217.259995,143.529999,49.169998,132.5,132.5,52.139999,213.720001,176.490005,81.589996,137.080002,88.599998,42.849998,115.889999,154.589996,264.660004,133.190002,179.309998,57.41,55.810001,114.760002,75.93
7/17/19,203.350006,127.080002,369.519989,135.729996,57.209999,124.139999,142.570007,71.300003,213.300003,215.610001,143.070007,49.389999,131.860001,131.860001,52.18,213.710007,174.669998,81.919998,136.270004,87.5,42.740002,115.940002,152.380005,266.649994,130.100006,179.149994,57.220001,54.52,114.599998,75.480003
7/18/19,205.660004,128.399994,361.109985,134.889999,57.740002,124.68,141.630005,71.580002,214.520004,214.440002,149.630005,49.939999,132.070007,132.070007,52.029999,215.910004,173.059998,82.690002,136.419998,87.440002,43.060001,115.440002,152.710007,260.600006,131.300003,180.529999,57.209999,54.82,114.720001,74.839996
7/19/19,202.589996,124.82,377.359985,136.229996,57.360001,125.040001,139.850006,71.57,213.520004,213.039993,149.679993,50.27,130.309998,130.309998,51.389999,213.869995,172.610001,81.389999,136.619995,86.550003,42.77,115.010002,150.229996,256.649994,132.389999,179.240005,56.59,54.439999,113.900002,74.989998
7/22/19,207.220001,126,373.420013,135.240005,57.73,125.309998,140.839996,71.970001,214,211.270004,149.740005,51.349998,128.639999,128.639999,51.220001,215,174.639999,81.209999,138.429993,85.970001,42.82,115.300003,149.710007,255.320007,132.949997,180.570007,55.5,53.939999,112.82,75.07
7/23/19,208.839996,128.199997,373.070007,138.100006,57.709999,125.82,141.259995,73.239998,219.429993,213.080002,150.380005,51.75,128.839996,128.839996,54.330002,214.309998,177.520004,82.029999,139.289993,86.699997,43.09,113.849998,147.5,255.009995,134.940002,180.899994,55.48,54.650002,112.089996,75.370003
7/24/19,208.669998,127.949997,361.429993,131.910004,57.23,126.540001,141.289993,74.230003,222.029999,214.710007,150.029999,52.919998,129.779999,129.779999,53.779999,212.779999,179.419998,81.75,140.720001,86.699997,42.889999,112.599998,148.850006,251.130005,134.25,183.330002,55.970001,55.200001,112,75.360001
7/25/19,207.020004,127.150002,348.089996,134.710007,56.619999,125.629997,143.210007,73.150002,219.979996,215.550003,150.389999,52.16,131.119995,131.119995,53.07,214.440002,178.130005,81.75,140.190002,87.279999,42.669998,112.769997,148.490005,248.699997,136.360001,181.589996,56.360001,54.759998,112.220001,74.93
7/26/19,207.740005,126.779999,345,132.919998,56.529999,123.720001,144.649994,73.209999,222.139999,216.910004,151.360001,51.59,130.729996,130.729996,54.169998,215.580002,173.979996,81.43,141.339996,87.540001,43.09,114.730003,149.929993,252.940002,135.630005,183.690002,57.080002,55.049999,113.019997,74.809998
7/29/19,209.679993,127.190002,340.209991,134.460007,56.93,124.230003,146.389999,73.089996,220.320007,218.039993,150.880005,52.509998,133.020004,133.020004,53.990002,214.979996,176.759995,82.489998,141.029999,87.620003,41.450001,116,148.740005,253.820007,135.720001,183.210007,57.369999,55.119999,112.269997,75.339996
7/30/19,208.779999,126.470001,347.459991,132.949997,56.470001,124.339996,144.929993,73.400002,221.399994,217.360001,149.770004,51.700001,132.080002,132.080002,53.720001,212.339996,177.630005,83.269997,140.350006,87.199997,38.790001,120.410004,147.619995,254.929993,135.300003,181.529999,56.630001,55.400002,112.059998,75.349998
7/31/19,213.039993,124.370003,341.179993,131.669998,55.400002,123.110001,143.009995,72.160004,220.130005,213.690002,148.240005,50.549999,130.220001,130.220001,52.630001,210.720001,174.720001,82.989998,136.270004,86.029999,38.84,118.040001,146.619995,249.009995,133.600006,178,55.27,54.490002,110.379997,74.360001
8/1/19,208.429993,124.089996,334.290009,126.790001,55.389999,120.739998,141.850006,71.690002,211.600006,212.830002,150.320007,49.5,130.289993,130.289993,52.029999,211.25,173.360001,83.690002,138.059998,83.120003,38.25,116.730003,145.779999,249.25,131.839996,179.169998,55.259998,54.07,109.379997,72.459999
8/2/19,204.020004,124.309998,339.559998,124.540001,53.25,120.730003,141.710007,69.050003,209.369995,212.149994,147.25,48.68,131.070007,131.070007,52.330002,214.479996,170.550003,84.470001,136.899994,81.139999,38,116.440002,146.919998,250.050003,130.809998,177.419998,55.59,53.68,109.400002,71.75
8/5/19,193.339996,120.720001,331.059998,121.650002,51.369999,118.739998,138.300003,66.059998,201.679993,204.940002,140.759995,46.970001,130.160004,130.160004,51.650002,210.449997,164.710007,83.120003,132.210007,78.970001,36.959999,113.080002,143.929993,245.059998,125.75,168.860001,55.220001,51.869999,105.82,70.279999
8/6/19,197,122.550003,332.450012,122.080002,52.599998,119.379997,141.869995,68.529999,206.009995,208.800003,140.729996,46.959999,130.770004,130.770004,52.27,214.080002,163.710007,84.349998,134.690002,81.300003,36.950001,114.279999,145.960007,248.279999,128.800003,172.479996,55.049999,51.450001,107.269997,70.959999
8/7/19,199.039993,123.540001,331.380005,120.779999,52.34,119.099998,134.860001,69.769997,205.740005,207.910004,139.110001,46.73,130.210007,130.210007,53.18,216.830002,163.639999,84.25,135.279999,81.279999,36.580002,115.519997,147.360001,246.449997,129.009995,175.320007,55.09,52.48,108.199997,70.5
8/8/19,203.429993,125.290001,336.350006,122.019997,53.16,123.230003,137.889999,70.760002,207,211.570007,140.100006,47.169998,131.679993,131.679993,53.689999,218.009995,164.220001,84.730003,138.889999,83,36.869999,117.440002,148.220001,247.619995,131.479996,179.899994,55.82,53.02,108.519997,72.379997
8/9/19,200.990005,126.169998,337.549988,119.379997,52.43,122.419998,138.520004,69.040001,206.899994,210.020004,136.130005,45.98,132.039993,132.039993,53.419998,221.149994,163.470001,85.519997,137.710007,81.980003,36.349998,116.779999,149.070007,248.630005,131.240005,179.050003,55.779999,52.790001,107.279999,70.839996
8/12/19,200.479996,123.949997,332.940002,116.720001,51.540001,121.550003,135.75,67.900002,201.520004,207.009995,134.119995,45.599998,131.929993,131.929993,53.200001,217.160004,162.100006,85.730003,135.789993,81.650002,35.389999,116.029999,146.300003,243.199997,128.020004,176.339996,55.689999,52,105.220001,69.629997
8/13/19,208.970001,126.32,332.859985,119.010002,52.720001,122.389999,137.009995,68.480003,204.110001,208.330002,135.789993,46.84,133.419998,133.419998,53.5,219.729996,164.880005,86.080002,138.600006,83.32,35.200001,117.25,148.220001,249.220001,128.949997,178.610001,56.369999,53.07,107.410004,70.489998
8/14/19,202.75,122.650002,320.420013,115.209999,50.610001,117.739998,132.850006,65.779999,195.559998,201.589996,131.25,45.869999,130.259995,130.259995,52.990002,216.479996,158.809998,83.400002,133.979996,81.029999,34.240002,115.790001,143.479996,243.199997,124.300003,173.509995,55.720001,50.41,106.199997,67.650002
8/15/19,201.740005,122.379997,328,115.25,46.25,116.949997,133.410004,65.169998,196.179993,201.789993,131.919998,45.700001,130.539993,130.539993,53.869999,218.270004,156.839996,83.459999,133.679993,79.510002,34.48,117.389999,145.589996,244.25,123.739998,176.270004,56.299999,49.290001,112.690002,67.25
8/16/19,206.5,124.629997,330.450012,116.43,46.959999,115.809998,135.199997,66.120003,199.419998,203.649994,133.759995,46.5,131.360001,131.360001,54.41,218.470001,161.5,85.059998,136.130005,80.279999,34.650002,119.18,146.809998,245.690002,125.050003,178.229996,56.650002,50.48,112.989998,68.300003
8/19/19,210.350006,124.400002,333.779999,117.360001,48.5,117.309998,135.289993,67.43,202.199997,207.949997,135.039993,47.23,132.25,132.25,54.689999,218.779999,162.949997,86.190002,138.410004,81.129997,35.18,120.239998,147.580002,244.710007,126.639999,179.740005,57,51.16,113.809998,69.449997
8/20/19,210.360001,121.419998,331.75,116.669998,47.93,116.129997,135.130005,67.099998,199.979996,217.089996,133,46.599998,130.600006,130.600006,53.880001,218.470001,161.009995,85.650002,137.259995,80.529999,34.610001,118.900002,146.509995,240.160004,126.68,179.240005,56.27,50.669998,112.050003,69.029999
8/21/19,212.639999,122.5,339.98999,117.68,48.77,117.879997,135.759995,67.760002,200.679993,220.399994,134.25,47.150002,131.529999,131.529999,54.099998,220.710007,161.149994,86.910004,138.789993,82.739998,34.869999,119.199997,147.039993,240.350006,127.330002,180.940002,56.59,50.900002,112.019997,69.720001
8/22/19,212.460007,122.269997,354.410004,117.889999,48.18,117.730003,136.080002,67.669998,202.419998,221.020004,134.320007,46.779999,131.270004,131.270004,54.490002,219.490005,160.880005,86.720001,137.779999,83.309998,35.080002,119.419998,147.809998,232.940002,127.959999,180.089996,56.779999,50.950001,111.910004,69.57
8/23/19,202.639999,117.760002,356.01001,114.059998,46.610001,115.18,131.669998,66,196.199997,217.470001,129.570007,44.959999,127.730003,127.730003,53.740002,214.660004,155.850006,84.940002,133.389999,80.440002,34.34,117.32,144.729996,230.660004,123.419998,175.229996,55.919998,49.32,110.830002,67.489998
8/26/19,206.490005,118.529999,359.040009,114.419998,47.099998,115.739998,134.610001,64.260002,199.649994,218.649994,129.990005,45.560001,127.800003,127.800003,54.540001,216.910004,156.119995,85.879997,135.449997,82.25,34.84,119.32,147.339996,231.080002,125.489998,177.589996,56.709999,50.040001,111.989998,67.849998
8/27/19,204.160004,117.75,354.730011,113.379997,46.790001,115.830002,134.490005,63.959999,198.070007,218.210007,131.169998,45.790001,129.639999,129.639999,54.720001,216.050003,155.75,85.519997,135.740005,82.029999,34.34,120.550003,147.100006,222.929993,124.57,178.380005,57.18,49.450001,112.419998,67.190002
8/28/19,205.529999,119.089996,359.970001,114.860001,46.869999,116.830002,136.550003,64.059998,200.419998,221.949997,132.759995,45.790001,128.679993,128.679993,55.110001,218.070007,157.550003,86.480003,135.559998,83.480003,35.080002,121.400002,146.369995,227.350006,126.870003,178.669998,57.950001,49.950001,112.720001,67.68
8/29/19,209.009995,120.739998,362.73999,117.769997,47.27,117.519997,137.839996,65.769997,203.440002,227.320007,134.880005,46.869999,128.240005,128.240005,55.049999,220.539993,160.360001,86.720001,138.119995,85.379997,35.330002,121.18,146.940002,230.619995,129.509995,181.169998,57.939999,50.400002,114.080002,68.43
8/30/19,208.740005,120.370003,364.089996,119,46.810001,117.720001,137.259995,67.93,203.910004,227.910004,135.529999,47.41,128.360001,128.360001,55.040001,217.970001,161.720001,86.470001,137.860001,84.5,35.549999,120.230003,146.960007,234,130.240005,180.820007,58.16,51.189999,114.260002,68.480003
9/3/19,205.699997,117.599998,354.420013,117.029999,46.5,116.269997,136.309998,67.449997,198.970001,224.070007,134.100006,46.98,128.740005,128.740005,55.299999,217.130005,158.639999,86.650002,136.039993,84.669998,36.119999,121.360001,147.570007,230.619995,128.970001,179.199997,58.040001,50.43,114.639999,68.559998
9/4/19,209.190002,118.400002,356.529999,119.099998,47.32,117.25,137.889999,68.480003,201.729996,224.149994,136.320007,48.919998,128.860001,128.860001,55.77,218.5,160.070007,86.050003,137.630005,86.349998,35.830002,123.209999,150.160004,226.729996,131.050003,181.770004,58.18,51.43,115.910004,69.290001
9/5/19,213.279999,120.669998,360.299988,122.989998,48.419998,117.639999,138.839996,68.940002,207.050003,228.149994,140.970001,50.099998,128.580002,128.580002,55.119999,219.490005,164.229996,86.099998,140.050003,88.419998,36.34,122.760002,151.740005,229.589996,133.029999,184.729996,58.59,52.330002,115.440002,70.269997
9/6/19,213.259995,120.190002,363,122.699997,48.84,118.260002,139.550003,69.220001,207.210007,231.130005,140.570007,50.919998,128.210007,128.210007,55.23,220.029999,163.940002,86.57,139.100006,88.690002,36.5,122.870003,152.839996,229,133.690002,185.740005,59.060001,52.560001,114.730003,70.93
9/9/19,214.169998,119.919998,358.779999,127.25,48.580002,119.389999,138.830002,70.510002,211.979996,232.869995,142.600006,51.59,126.949997,126.949997,54.52,217.259995,165.940002,83.470001,137.520004,88.669998,36.830002,122.169998,149.229996,230.679993,134.110001,181.550003,58.66,55.59,116.330002,71.489998
9/10/19,216.699997,117.309998,369.48999,130.289993,49.209999,121.849998,135.789993,71.400002,215.630005,233,145.050003,51.82,129.550003,129.550003,54.400002,209.679993,168.860001,81.690002,136.080002,86.830002,37.380001,119.879997,146.570007,232.460007,133.910004,176.350006,59.709999,56.880001,116.050003,72.07
9/11/19,223.589996,118,382.940002,133.089996,50.029999,121.279999,136.190002,71.550003,216.800003,232.660004,143.600006,52.790001,131.169998,131.169998,54.77,210.199997,168.080002,82.919998,136.119995,86.75,37.41,121.269997,146.229996,234.210007,135.949997,174.979996,60.130001,58.060001,116.019997,71.93
9/12/19,223.089996,119.019997,375.630005,131.75,49.93,121.419998,137.5,71.290001,218.740005,233.800003,143.619995,53.009998,130.429993,130.429993,55.110001,212.149994,170.580002,83.309998,137.520004,87.669998,37.279999,122.769997,148.300003,230.100006,137.460007,177.979996,60.43,55.560001,116.919998,71.980003
9/13/19,218.75,119.199997,379.76001,133.779999,50.029999,121.5,138.020004,73.540001,219.899994,233.979996,143.669998,52.540001,130.779999,130.779999,54.259998,209.809998,171.440002,82.610001,137.320007,87.32,36.91,122.120003,146.309998,233.610001,138.059998,177.270004,59.959999,55.990002,117.43,72.639999
9/16/19,219.899994,117.639999,378.850006,133.149994,49.959999,124.120003,135.800003,72.139999,217.220001,230.990005,142.479996,52.200001,129.539993,129.539993,53.959999,207.399994,169.669998,82.029999,136.330002,87.269997,36.830002,119.75,146.339996,234.429993,138.080002,176.110001,59.5,55.34,115.57,73.730003
9/17/19,220.699997,119.050003,384.200012,132.169998,49.41,123.889999,136.309998,71.25,215.910004,230.210007,142.199997,51.950001,129.669998,129.669998,54.240002,209.850006,168.070007,82.510002,137.389999,87.589996,36.5,121.160004,147.25,232.520004,137.210007,176.449997,59.869999,54.84,116.510002,73.169998
9/18/19,222.770004,118.739998,386.410004,131.070007,49.34,124.18,136.800003,71.989998,217.080002,230.830002,142.220001,51.740002,130.410004,130.410004,54.23,210.429993,167.440002,83.019997,138.520004,88.080002,36.380001,121.410004,146.470001,230.610001,137.660004,175.289993,59.93,54.41,117.160004,72.82
9/19/19,220.960007,117.790001,384.440002,130.119995,49.189999,123.660004,133.300003,71.059998,215.229996,228.119995,142.970001,51.57,130.110001,130.110001,54.52,210.520004,167.070007,83.970001,141.070007,87.699997,36.509998,121.900002,146.940002,232.850006,137.529999,175.960007,59.98,54.57,117.110001,72.330002
9/20/19,217.729996,116.800003,379.390015,128.160004,49.599998,124.32,132.270004,71.599998,213.740005,224.669998,141.880005,50.720001,131.649994,131.649994,53.91,209.389999,166.759995,85.160004,139.440002,86.68,36.689999,122.239998,146.279999,232.889999,135.570007,174.059998,60.290001,55,116.980003,72.080002
9/23/19,218.720001,118.239998,377.029999,128.419998,49.419998,124.900002,132.460007,70.919998,213.460007,226.25,142.070007,50.900002,131.740005,131.740005,54.139999,211.539993,166.759995,84.360001,139.139999,87.690002,36.240002,123.220001,146.539993,228.770004,135.669998,174.910004,60.209999,54.32,117.620003,72.129997
9/24/19,217.679993,118.169998,381.649994,125.989998,49.119999,123.739998,131.970001,70.32,207.75,225.410004,141.679993,49.82,131.550003,131.550003,54.299999,212.020004,164.740005,83.599998,137.380005,87.18,36.009998,123.610001,146.75,225,135.479996,174.479996,60.509998,53.630001,118.400002,71.139999
9/25/19,221.029999,119.120003,386.200012,126.610001,49.610001,123.510002,133.089996,70.910004,210.029999,228.100006,143.160004,51.02,130.990005,130.990005,54.169998,212.630005,164,83.099998,139.360001,90.809998,35.900002,123.019997,146.850006,222.169998,136.830002,175.279999,60.27,54.360001,118.470001,71.349998
9/26/19,219.889999,118.910004,386.890015,126.389999,48.830002,120.160004,131.270004,70.099998,208.220001,229.789993,143.550003,50.919998,128.850006,128.850006,54.389999,212.600006,163.830002,83.879997,139.539993,92.169998,35.779999,124.309998,148.100006,215.479996,137.529999,175.649994,60.439999,54.080002,118.300003,70.970001
9/27/19,218.820007,118.589996,382.859985,126.589996,48.84,118.599998,129.960007,70.25,208.970001,229.860001,143.240005,50.779999,128.600006,128.600006,54.310001,213.160004,164.529999,82.910004,137.729996,92.309998,36.220001,124.57,148,215.259995,136.389999,174,60.299999,54.41,118.449997,71.480003
9/30/19,223.970001,118.279999,380.470001,126.309998,49.41,118.599998,130.320007,71.309998,207.229996,232.020004,145.419998,51.529999,129.380005,129.380005,54.439999,214.710007,164.399994,84.18,139.029999,93.919998,35.93,124.379997,148.690002,217.320007,136.520004,172.009995,60.360001,55.310001,118.68,70.610001
10/1/19,224.589996,116.699997,374.940002,122.370003,47.740002,116.010002,129.550003,67.949997,202.690002,231.080002,143.660004,50.759998,129.990005,129.990005,54.650002,209.020004,158.380005,83.610001,137.070007,92.279999,35.43,123.849998,145.550003,217.210007,133.789993,174.289993,59.849998,54.700001,117.849998,68.949997
10/2/19,218.960007,112.860001,367.359985,119.959999,46.560001,112.290001,129.139999,67.239998,198.25,225.550003,141.690002,49.389999,132,132,53.080002,206.270004,155.649994,81.620003,134.649994,91.489998,34.700001,121.080002,142.389999,216.75,130.470001,169.830002,58.91,52.830002,116.120003,67.150002
10/3/19,220.820007,112.550003,372.070007,120.040001,47.060001,113.150002,128.149994,68.120003,197.240005,226.809998,142.020004,50.029999,131.190002,131.190002,53.84,210.029999,155.229996,82.739998,136.279999,92.220001,35.450001,121.739998,141.729996,215.360001,131.210007,172.869995,59.009998,52.599998,116.309998,67.980003
10/4/19,227.009995,114.410004,375.700012,121.040001,47.52,113.849998,130.270004,68.150002,200.800003,227.929993,142.990005,50.919998,133.660004,133.660004,54.540001,211.690002,155.820007,85,138.119995,93.07,35.93,124,144.960007,219.800003,133.210007,175.979996,59.900002,52.970001,118.160004,68.970001
10/7/19,227.059998,113.650002,376.540009,120.25,47.77,113.260002,130.899994,66.699997,200.399994,226.740005,141.279999,50.619999,133.160004,133.160004,53.869999,211.919998,153.520004,84.389999,137.119995,93.169998,35.830002,122.839996,143.149994,221.240005,132.690002,174.899994,60.25,52.759998,117.230003,68.019997
10/8/19,224.399994,112.540001,374.100006,117.970001,46.389999,111.709999,128.470001,64.919998,197.369995,226.669998,138.380005,49.73,131.839996,131.839996,53.580002,211.110001,150.740005,83.290001,135.669998,91.75,35.43,120.93,140.630005,220.110001,130.789993,172.419998,59.720001,52.09,117.580002,66.699997
10/9/19,227.029999,113.919998,374.959991,119.440002,46.84,113.139999,129.330002,64.809998,196.850006,228.940002,139.669998,50.48,129.220001,129.220001,53.830002,212.830002,150.990005,84.18,138.240005,92.519997,35.689999,121.980003,141.300003,222.080002,131.960007,174.880005,59.220001,52.080002,118.93,67.440002
10/10/19,230.089996,115.019997,371,122.690002,46.150002,114.589996,129.339996,63.139999,199.869995,231.610001,141.130005,51.110001,129.059998,129.059998,53.66,211.759995,152.309998,83.760002,139.100006,93,35.790001,121.940002,141.559998,223.729996,133.919998,174.880005,59.830002,52.93,119.610001,68.25
10/11/19,236.210007,116.400002,374.920013,128.399994,46.560001,116.150002,130.020004,65.160004,204.679993,234.660004,142.759995,52.09,131.330002,131.330002,53.299999,209.020004,158.100006,84.339996,139.679993,93.879997,36.110001,121.089996,142.600006,222.070007,136.149994,177.059998,59.93,53.990002,120.239998,68.980003
10/14/19,235.869995,116.389999,373.179993,128.380005,46.049999,116.18,129.699997,64.800003,205.820007,234.179993,142.039993,51.639999,130.720001,130.720001,53.299999,208.380005,160.509995,84.690002,139.550003,94.879997,36.299999,120.050003,143.110001,220.589996,135.919998,177.360001,59.599998,53.669998,119.169998,69.18
10/15/19,235.320007,117.589996,370.959991,131.029999,46.360001,116.309998,129.759995,65.559998,206.460007,235.619995,143,52.650002,132.839996,132.839996,53.509998,207.220001,162.979996,85.040001,141.570007,94.790001,36.5,117.199997,143.309998,238.589996,136.149994,178.75,60.549999,54.52,119.529999,69.419998
10/16/19,234.369995,117.410004,372.429993,130.190002,46.790001,115.110001,130.860001,66.610001,207.419998,235.899994,142.110001,52.450001,135.169998,135.169998,53.490002,208.300003,162.179993,84.449997,140.410004,94.879997,36.34,117.529999,142.570007,236.990005,136.710007,177.869995,60.290001,54.66,119.419998,68.230003
10/17/19,235.279999,119.099998,369.059998,132.070007,47.029999,115.349998,132.369995,66.230003,206.460007,236.770004,134.259995,51.860001,136.169998,136.169998,53.790001,206.850006,163.539993,83.800003,139.690002,95.559998,36.459999,116.629997,140.479996,243.669998,138.169998,177.940002,60.41,55.939999,119.839996,68.139999
10/18/19,236.410004,116.760002,344,130.710007,46.709999,114.739998,130.889999,65.529999,206.520004,237.929993,134.089996,51.360001,127.699997,127.699997,54.779999,208.5,163.100006,84.68,137.410004,96.099998,36.459999,117.470001,141.360001,245.339996,136.800003,175.710007,61.049999,55.299999,119.139999,67.610001
10/21/19,240.509995,119.050003,331.059998,132.229996,47.389999,116.610001,130.259995,65.940002,209.25,236.699997,132.580002,52.130001,128.020004,128.020004,54.23,209.850006,165.940002,84.519997,138.429993,96.220001,36.459999,119.080002,141.910004,243.919998,138.350006,176.429993,60.75,54.59,119.739998,68.739998
10/22/19,239.960007,118.610001,337,133.690002,47.549999,117.800003,132.399994,65.870003,209.600006,237.199997,133.960007,52.009998,129.199997,129.199997,53.849998,199.270004,167.539993,81.300003,136.369995,95.599998,36.43,122.18,130.149994,249.479996,141.410004,170.860001,60.77,55.32,119.580002,69.089996
10/23/19,243.179993,116.489998,340.5,135.339996,47.049999,117.980003,131.130005,66.639999,211.320007,234.669998,134.380005,51.720001,129.899994,129.899994,54.639999,199.210007,168.759995,82.870003,137.240005,92.32,36.77,123,132.160004,247.800003,139.910004,171.320007,60.880001,54.560001,119.349998,69.75
10/24/19,243.580002,116.410004,344.549988,133.850006,46.41,117.580002,130.259995,66.260002,211.050003,233.889999,134.070007,52.23,127.5,127.5,54.610001,196.020004,161.889999,82.580002,139.940002,91.5,36.389999,124.790001,131.429993,244.509995,143.440002,176.160004,60.580002,54.450001,119.099998,69.089996
10/25/19,246.580002,118.260002,339.829987,139.729996,46.900002,118.669998,130.899994,66.849998,214.229996,234.380005,135.440002,56.459999,128.350006,128.350006,53.75,194.610001,166.089996,82.260002,140.729996,90.919998,36.77,123.25,130.429993,244.910004,142.960007,177.850006,60.369999,55.419998,119.040001,69.25
10/28/19,249.050003,118.580002,340.880005,140.059998,47.169998,118.480003,130.529999,67.589996,217.75,236.800003,135.970001,56.759998,129.179993,129.179993,53.57,191.779999,169.059998,82.199997,144.190002,90.849998,37.279999,123.480003,129.300003,247.050003,143.039993,179.839996,60.18,55.799999,119.220001,68.639999
10/29/19,243.289993,117.419998,348.929993,141.330002,47.240002,118.129997,129.479996,67.339996,217.639999,234.139999,133.820007,56.34,129.119995,129.119995,53.41,192.619995,168.809998,85.099998,142.830002,89.279999,38.209999,123.599998,128.929993,252.289993,142,177.630005,60.189999,56.27,117.150002,68.440002
10/30/19,243.259995,118.07,346.059998,140.339996,47.560001,116.360001,129.600006,65.589996,215.809998,236.240005,135.25,56.599998,132.839996,132.839996,53.939999,196.889999,168.369995,86.220001,144.610001,90.190002,38.48,124.940002,129.779999,254.800003,143.839996,179.25,60.82,55.860001,118.099998,67.720001
10/31/19,248.759995,117.279999,339.910004,137.800003,47.509998,116.139999,129.919998,65.910004,213.380005,234.580002,133.729996,56.529999,132.039993,132.039993,54.43,196.699997,164.990005,86.660004,143.369995,89.550003,38.369999,124.510002,131.059998,252.699997,143.580002,178.860001,60.470001,54.779999,117.260002,67.57
11/1/19,255.820007,119.139999,345.190002,144.490005,47.029999,116.209999,132.75,69.639999,217.389999,237.339996,135.529999,56.509998,131.199997,131.199997,53.900002,193.940002,170.089996,84.940002,143.720001,89.18,38.389999,123.870003,130.720001,252.210007,146.679993,180.929993,60.369999,57.380001,117.620003,69.599998
11/4/19,257.5,119.620003,351.089996,146.919998,47.48,121.57,132.919998,71.300003,219.869995,234.919998,137.669998,57.610001,130.229996,130.229996,53.139999,188.660004,174.899994,83.900002,144.550003,89.860001,38.029999,119.07,130.199997,251.25,147.509995,178.949997,59.869999,59.650002,117.57,71.669998
11/5/19,257.130005,118.769997,358.290009,146.369995,47.759998,121.940002,131.449997,72.379997,218.639999,232.199997,137.889999,57.549999,130.419998,130.419998,52.419998,192.179993,175.270004,82.919998,144.460007,89.879997,37.48,118.900002,131.270004,250.300003,147.850006,176.369995,59.5,61.209999,118.860001,73.089996
11/6/19,257.23999,119.690002,354.190002,145.490005,48.27,119.900002,131.270004,70.330002,218.419998,234.009995,138.779999,57.599998,130.960007,130.960007,52.799999,194.179993,174,83.25,144.059998,89.480003,37.610001,120.32,132.350006,250.520004,148.309998,176.770004,60.130001,59.490002,119.5,71.489998
11/7/19,259.429993,121.279999,357.309998,147.009995,48.419998,121.889999,132.960007,71.610001,223.289993,232.940002,137.690002,58.049999,131.429993,131.429993,52.290001,193.080002,174.520004,82.879997,144.259995,90.400002,36.91,119.620003,133.009995,256.459991,148.729996,178.429993,60.529999,58.669998,120.230003,73.010002
11/8/19,260.140015,121.470001,351,148.160004,48.830002,120.93,137.960007,71.129997,222.910004,232.839996,137.610001,58.27,133,133,52.209999,193.610001,173.149994,83.589996,145.960007,89.809998,37.049999,119.699997,133.289993,256.970001,148.880005,178.970001,59.349998,59.240002,119.440002,70.769997
11/11/19,262.200012,120.900002,366.959991,148,48.099998,120.809998,136.740005,72.18,219.029999,231.800003,135.470001,58.349998,131.979996,131.979996,51.84,192.639999,170.110001,83.279999,146.110001,90.050003,36.93,119.330002,133.539993,254.089996,148.220001,179.539993,59.610001,62.25,119.040001,70.339996
11/12/19,261.959991,120.889999,362.880005,146.339996,48.369999,120.959999,138.580002,72.599998,220.410004,233.119995,135.589996,58.200001,131.350006,131.350006,51.709999,193.279999,170.839996,84.120003,147.070007,89.5,36.970001,119.269997,133.350006,255.25,148.389999,179.740005,59.32,62.720001,119.120003,69.370003
11/13/19,264.470001,120.260002,362.5,144.490005,48.459999,122.279999,148.720001,69.949997,219.320007,234.800003,134.479996,57.889999,131.270004,131.270004,52.41,195,170.550003,84.82,147.309998,91.290001,36.599998,120.650002,134.130005,253.570007,148.309998,179.410004,59.41,62.25,120.980003,68.800003
11/14/19,262.640015,120.93,367.440002,143.440002,44.91,121.959999,147.149994,70,219.429993,236.550003,134,57.810001,130.960007,130.960007,52.630001,194,170.929993,84.550003,148.059998,91.269997,36.549999,120.5,133.949997,255.830002,148.110001,179.75,59.34,61.939999,120.650002,68.5
11/15/19,265.76001,120.760002,371.679993,145.309998,45.09,120.639999,144.669998,67.639999,220.25,237.289993,134.399994,57.959999,134.940002,134.940002,52.669998,193.970001,171.880005,84.900002,149.970001,93.040001,37.279999,120.540001,133.570007,269.399994,149.360001,179.770004,59.509998,62.139999,118.870003,69.190002
11/18/19,267.100006,119.660004,369.459991,143.589996,45.150002,118.550003,147.649994,66.849998,219.729996,238.850006,134.309998,58.25,134.830002,134.830002,53.029999,194.279999,170.539993,84.129997,150.339996,94.18,37.220001,121.889999,134.289993,272.929993,149.110001,179.660004,59.439999,61.939999,120.25,68.519997
11/19/19,266.290009,120,367,143.179993,45.470001,116.449997,148.380005,66.010002,220.039993,225.860001,134.520004,58.349998,134.820007,134.820007,53.080002,193.440002,170.679993,84.650002,150.389999,93.610001,37.66,121.419998,135.460007,274.230011,148.369995,182.770004,59.5,61.450001,119.889999,67.82
11/20/19,263.190002,119.300003,370.910004,141.520004,45.080002,117.339996,146.929993,65.050003,217.910004,220.899994,133.199997,57.900002,135.940002,135.940002,53.220001,194.130005,167.770004,85.269997,149.619995,93.050003,37.049999,122.290001,135.429993,275.559998,146.649994,181.660004,59.48,61.34,119.129997,68.029999
11/21/19,262.01001,118.800003,366.440002,143.360001,44.84,118.769997,146.899994,65.690002,218.229996,218.539993,133.839996,58.220001,136.440002,136.440002,52.959999,192.350006,165.139999,85.459999,149.479996,92.160004,37.740002,120.339996,134.690002,276.549988,147.300003,179.889999,59.610001,60.619999,119.860001,69.669998
11/22/19,261.779999,119.059998,371.339996,143.880005,44.849998,118.629997,148.289993,65.830002,220.279999,218.029999,134.339996,57.610001,138.070007,138.070007,53.029999,193.139999,167.600006,85.449997,149.589996,93.339996,38.330002,120.290001,135.130005,276.839996,147.699997,179.470001,59.75,60.599998,119.360001,69.370003
11/25/19,266.369995,120.599998,373.130005,146.419998,45.450001,118.379997,149.690002,65.199997,222.75,218.399994,135.970001,58.810001,137.179993,137.179993,53.220001,191.889999,170.240005,85.699997,151.229996,92.900002,38.68,120.510002,135.029999,282.670013,147.520004,180.970001,59.380001,60.669998,118.919998,68.910004
11/26/19,264.290009,119.790001,373.51001,146.089996,45.310001,117.790001,151.639999,65.07,222.449997,220.759995,135.089996,58.900002,137.169998,137.169998,53.900002,194.009995,169.229996,87.339996,152.029999,93.330002,38.290001,122.260002,136.679993,281.399994,148.119995,182.550003,59.889999,59.630001,119.190002,68.739998
11/27/19,267.839996,120.330002,368,145.690002,45.240002,118.07,151.479996,65.610001,222.949997,223,133.770004,58.509998,137.75,137.75,53.950001,196.300003,170.610001,87.610001,152.320007,94.139999,38.630001,121.760002,136.839996,280.670013,148.820007,184.369995,60.099998,60.110001,118.760002,68.699997
11/29/19,267.25,120.120003,366.179993,144.729996,45.310001,117.129997,151.580002,64.809998,221.350006,220.509995,134.449997,58.049999,137.490005,137.490005,53.400002,194.479996,169.770004,87.18,151.380005,93.489998,38.52,122.059998,136.720001,279.869995,148.339996,184.509995,60.240002,59.599998,119.089996,68.129997
12/2/19,264.160004,117.260002,355.179993,142.960007,44.700001,116.800003,150.619995,64.860001,217.639999,217.619995,132.910004,57.66,137.360001,137.360001,53.75,195.179993,168.270004,87.040001,149.550003,93.559998,38.290001,122.720001,135.259995,279.660004,144.990005,181.789993,59.959999,59.27,119.279999,68.419998
12/3/19,259.450012,116.57,352.079987,140.059998,44.279999,115.889999,148.580002,62.57,212.240005,214,132.119995,56.07,137.160004,137.160004,53.799999,193.119995,165.169998,87.379997,149.309998,92.459999,38.049999,122.949997,134.619995,276.899994,143.729996,181.899994,60.139999,58.990002,118.669998,67.879997
12/4/19,261.73999,117.940002,348.839996,140.119995,43.889999,116.940002,148.279999,62.77,215.940002,214.100006,131.990005,56.02,139.380005,139.380005,54.290001,194.309998,167.139999,88.669998,149.850006,93.720001,38.139999,124.529999,135.169998,279.320007,144.520004,180.600006,60.529999,58.91,118.690002,68.650002
12/5/19,265.579987,118.279999,345.679993,141.050003,43.52,116.330002,147.440002,61.990002,217.139999,213,131.910004,56.080002,139.559998,139.559998,54.189999,194.210007,164.369995,88.75,149.929993,95.790001,38.029999,124.620003,134.309998,282,145.259995,181.889999,60.82,59.099998,118.660004,68.410004
12/6/19,270.709991,120.610001,354.089996,142.720001,43.84,118.010002,147.660004,63.59,224.610001,214.279999,133.220001,56.810001,140.380005,140.380005,54.419998,195.350006,171.470001,88.849998,151.75,97,38.290001,124.190002,135.720001,280.190002,146.990005,182.169998,61.189999,58.630001,119.779999,69.510002
12/9/19,266.920013,120.459999,351.209991,142.830002,43.900002,117.300003,146.210007,63.84,221.809998,216.529999,133.919998,56.529999,140.5,140.5,54.07,194.679993,169.830002,88.720001,151.360001,96.629997,38.32,124.870003,135.449997,277.540009,146.220001,182.919998,61.009998,58.709999,119.360001,69.660004
12/10/19,268.480011,120.900002,347.899994,142.869995,44.099998,117.889999,146.100006,64.040001,221.880005,215.899994,133.910004,56.59,139.990005,139.990005,53.77,194.949997,167.660004,89.099998,151.130005,97.010002,38.48,124.269997,135.539993,279.519989,145.369995,182.259995,61.23,58.41,119.139999,69.059998
12/11/19,270.769989,120.639999,350,144,44.279999,116.230003,147.589996,64.330002,221.190002,212,133.759995,57.07,140.979996,140.979996,53.950001,194.720001,168.740005,88.980003,151.699997,97.18,38.220001,124.660004,134.630005,280.5,147.270004,182.009995,61.080002,58.009998,119,68.959999
12/12/19,271.459991,122.639999,346.290009,146.779999,45.669998,118.809998,147.759995,66.190002,226.050003,212.039993,135.320007,57.549999,141.339996,141.339996,54.139999,196.309998,168.559998,89.57,153.240005,97.720001,38.540001,124.57,135.610001,283.609985,149.410004,182.639999,61.169998,58.580002,119.760002,70.339996
12/13/19,275.149994,124.720001,341.670013,145.529999,45.299999,117.959999,146.380005,64.800003,225,214.080002,134.210007,57.790001,141.380005,141.380005,54.419998,197.119995,168.789993,89.190002,154.529999,97.769997,38.330002,125.470001,135.660004,285.480011,149.070007,185.139999,60.810001,57.880001,120.290001,69.230003
12/16/19,279.859985,123.68,327,145.360001,45.98,119.360001,148.460007,64.889999,228.039993,215.529999,134.130005,57.700001,141.789993,141.789993,54.419998,197.880005,170.75,89.290001,155.529999,98.809998,39.139999,125.559998,136.179993,292.029999,149.460007,186.240005,61.23,57.799999,120.540001,70
12/17/19,280.410004,124.949997,327,146.369995,46.439999,118.599998,147.729996,64.220001,231.149994,217.720001,134.220001,57.299999,143.559998,143.559998,54.419998,196.520004,169.929993,89.019997,154.690002,99.650002,38.900002,125.309998,136.990005,290.470001,148.619995,185.520004,61.490002,57.09,121.279999,69.68
12/18/19,279.73999,124.260002,330.679993,147.119995,46.639999,118.550003,146.259995,63.91,230.449997,218,134.410004,57.169998,143.190002,143.190002,53.91,195.630005,169.029999,89.620003,154.369995,100.57,38.889999,124.010002,135.669998,292.899994,147.710007,184.899994,60.860001,57.200001,119.860001,69.870003
12/19/19,280.019989,124.830002,333.5,145.020004,47.880001,118.129997,146.149994,63.950001,229.940002,220.220001,134.559998,57.959999,145.350006,145.350006,54.32,197.059998,172.149994,89.989998,155.710007,101.150002,38.970001,124.919998,136.470001,294.619995,148.710007,186.539993,60.799999,57.75,120.080002,69.389999
12/20/19,279.440002,125.769997,328,147.570007,47.450001,119.68,146.880005,63.549999,228.929993,221.190002,135.589996,58.950001,146.059998,146.059998,54.970001,197.139999,175.369995,91.580002,157.410004,99.959999,39.23,125.360001,136.429993,292.589996,149.490005,188,62.07,58.389999,120.290001,69.940002
12/23/19,284,124.489998,337.549988,148.5,48.099998,120.330002,144.679993,63.919998,229.089996,219.210007,135.550003,59.23,146.440002,146.440002,54.91,196.199997,178.470001,91.739998,157.410004,100.040001,39.32,124.900002,136.229996,295.089996,149.820007,187.080002,61.400002,58.57,119.029999,70.290001
12/24/19,284.269989,124.739998,333,147.479996,47.779999,120.339996,145.289993,63.779999,229.910004,220.669998,134.979996,59.41,145.929993,145.929993,54.709999,196.669998,176.679993,91.440002,157.380005,100.139999,39.290001,125.220001,135.830002,294.540009,149.570007,187.570007,61.279999,58.349998,119.510002,70.019997
12/26/19,289.910004,125.410004,329.920013,148.220001,47.849998,120.599998,145.699997,63.73,231.210007,220.820007,134.910004,59.82,145.830002,145.830002,55.02,197.059998,176.589996,91.339996,158.669998,100.709999,39.380001,125.220001,136.289993,295.649994,150.710007,189.160004,61.290001,58.900002,119.519997,70.129997
12/27/19,289.799988,125.190002,330.140015,148.279999,47.77,120.300003,145.75,63.73,230.660004,219.970001,135.270004,60.080002,145.75,145.75,55.349998,198.169998,177.259995,91.5,158.960007,101.57,39.32,126.089996,136.800003,295.970001,150.279999,189.389999,61.529999,59.02,119.589996,69.889999
12/30/19,291.519989,124.300003,326.399994,147.520004,47.59,119.849998,143.770004,62.290001,229.800003,217.309998,132.809998,59.619999,145.300003,145.300003,55.27,196.910004,175.830002,91.029999,157.589996,100.800003,38.91,124.470001,136.490005,293.850006,149.880005,187.830002,61.209999,58.91,119.400002,69.480003